Creation,Acquisition,CreationQuantity,AcquisitionQuantity,TotalCreation,TotalAcquisition
1904,1904,2,2,3,2
1904,1905,1,1,3,1
1902,1906,1,1,1,1
1905,1907,1,1,1,2
1906,1907,1,1,2,2
1910,1911,1,1,6,2
1911,1911,1,1,4,2
1907,1912,1,1,1,2
1911,1912,1,1,4,2
1911,1913,1,1,4,5
1912,1913,2,2,9,5
1913,1913,2,2,9,5
1910,1916,1,1,6,4
1912,1916,1,1,9,4
1913,1916,1,1,9,4
1914,1916,1,1,5,4
1915,1919,1,1,2,1
1913,1920,1,1,9,2
1923,1920,1,1,29,2
1921,1921,1,1,3,3
1920,1922,1,1,9,3
1922,1922,2,2,9,3
1923,1923,1,1,29,6
1922,1924,1,1,9,1
1925,1925,1,1,20,1
1913,1926,2,2,9,2
1930,1930,1,1,86,1
1900,1931,1,1,5,5
1909,1931,2,2,5,5
1930,1931,1,1,86,5
1931,1931,1,1,13,5
1932,1932,2,2,27,2
1933,1933,3,3,18,3
1934,1934,3,3,13,3
1937,1937,10,10,38,10
1909,1938,2,2,5,4
1914,1938,1,1,5,4
1937,1938,1,1,38,4
1937,1941,1,1,38,1
1925,1942,1,1,20,4
1940,1942,1,1,10,4
1942,1942,1,1,7,4
1943,1942,1,1,3,4
1937,1947,1,1,38,1
1949,1949,1,1,15,1
1950,1950,1,1,76,1
1910,1952,1,1,6,5
1937,1953,1,1,38,5
1938,1953,1,1,44,5
1950,1953,3,3,76,5
1911,1957,1,1,4,54
1912,1957,2,2,9,54
1913,1957,2,2,9,54
1914,1957,1,1,5,54
1915,1957,1,1,2,54
1919,1957,4,4,5,54
1920,1957,6,6,16,54
1925,1957,1,1,20,54
1926,1957,2,2,13,54
1928,1957,1,1,65,54
1929,1957,1,1,33,54
1930,1957,8,8,86,54
1931,1957,1,1,13,54
1932,1957,4,4,27,54
1937,1957,2,2,38,54
1938,1957,8,8,44,54
1939,1957,9,9,18,54
1961,1961,1,1,43,1
1962,1962,3,3,51,3
1916,1963,1,1,1,5
1918,1963,1,1,1,5
1920,1963,1,1,16,5
1928,1963,1,1,65,5
1930,1963,1,1,86,5
1964,1964,1,1,116,1
1965,1965,3,3,103,3
1966,1966,5,5,64,5
1925,1967,1,1,20,6
1967,1967,5,5,157,6
1968,1968,8,8,198,8
1970,1970,1,1,247,1
1924,1972,1,1,9,1
1974,1974,2,2,98,2
1967,1976,1,1,157,15
1969,1976,2,2,120,15
1970,1976,1,1,247,15
1972,1976,3,3,168,15
1973,1976,1,1,123,15
1974,1976,4,4,98,15
1975,1976,3,3,120,15
1908,1977,1,1,2,4
1929,1977,1,1,33,4
1975,1977,2,2,120,4
1947,1978,1,1,18,73
1952,1978,1,1,34,73
1953,1978,1,1,52,73
1955,1978,4,4,40,73
1959,1978,3,3,55,73
1961,1978,1,1,43,73
1962,1978,2,2,51,73
1963,1978,5,5,91,73
1964,1978,3,3,116,73
1965,1978,5,5,103,73
1966,1978,2,2,64,73
1967,1978,8,8,157,73
1968,1978,3,3,198,73
1969,1978,1,1,120,73
1970,1978,8,8,247,73
1971,1978,8,8,90,73
1972,1978,6,6,168,73
1973,1978,5,5,123,73
1978,1978,6,6,75,73
1899,1981,3,3,28,17
1912,1981,3,3,9,17
1913,1981,1,1,9,17
1925,1981,1,1,20,17
1926,1981,7,7,13,17
1929,1981,1,1,33,17
1933,1981,1,1,18,17
1968,1984,1,1,198,1
1982,1988,1,1,128,1
1948,1991,1,1,17,155
1950,1991,4,4,76,155
1951,1991,1,1,15,155
1952,1991,1,1,34,155
1955,1991,1,1,40,155
1956,1991,1,1,47,155
1957,1991,1,1,39,155
1958,1991,6,6,50,155
1959,1991,2,2,55,155
1961,1991,10,10,43,155
1962,1991,11,11,51,155
1963,1991,9,9,91,155
1965,1991,2,2,103,155
1966,1991,2,2,64,155
1967,1991,5,5,157,155
1968,1991,4,4,198,155
1970,1991,6,6,247,155
1971,1991,3,3,90,155
1972,1991,11,11,168,155
1973,1991,2,2,123,155
1974,1991,2,2,98,155
1975,1991,2,2,120,155
1976,1991,4,4,76,155
1977,1991,2,2,102,155
1978,1991,6,6,75,155
1979,1991,5,5,105,155
1980,1991,12,12,140,155
1981,1991,5,5,92,155
1982,1991,6,6,128,155
1983,1991,2,2,123,155
1984,1991,2,2,83,155
1985,1991,3,3,55,155
1986,1991,2,2,114,155
1987,1991,6,6,104,155
1988,1991,3,3,124,155
1989,1991,5,5,142,155
1990,1991,4,4,185,155
1991,1991,1,1,114,155
1917,1992,1,1,1,874
1920,1992,1,1,16,874
1926,1992,2,2,13,874
1927,1992,1,1,44,874
1929,1992,8,8,33,874
1930,1992,8,8,86,874
1932,1992,2,2,27,874
1933,1992,2,2,18,874
1939,1992,5,5,18,874
1940,1992,2,2,10,874
1942,1992,1,1,7,874
1948,1992,4,4,17,874
1949,1992,3,3,15,874
1950,1992,11,11,76,874
1951,1992,1,1,15,874
1952,1992,2,2,34,874
1953,1992,6,6,52,874
1954,1992,1,1,47,874
1955,1992,8,8,40,874
1956,1992,4,4,47,874
1957,1992,7,7,39,874
1958,1992,6,6,50,874
1959,1992,10,10,55,874
1960,1992,27,27,133,874
1961,1992,12,12,43,874
1962,1992,7,7,51,874
1963,1992,9,9,91,874
1964,1992,9,9,116,874
1965,1992,10,10,103,874
1966,1992,9,9,64,874
1967,1992,13,13,157,874
1968,1992,14,14,198,874
1969,1992,9,9,120,874
1970,1992,69,69,247,874
1971,1992,20,20,90,874
1972,1992,30,30,168,874
1973,1992,24,24,123,874
1974,1992,24,24,98,874
1975,1992,20,20,120,874
1976,1992,6,6,76,874
1977,1992,14,14,102,874
1978,1992,13,13,75,874
1979,1992,9,9,105,874
1980,1992,11,11,140,874
1981,1992,11,11,92,874
1982,1992,21,21,128,874
1983,1992,6,6,123,874
1984,1992,9,9,83,874
1985,1992,19,19,55,874
1986,1992,55,55,114,874
1987,1992,52,52,104,874
1988,1992,49,49,124,874
1989,1992,35,35,142,874
1990,1992,92,92,185,874
1991,1992,56,56,114,874
1992,1992,14,14,87,874
1899,1993,19,19,28,239
1900,1993,2,2,5,239
1906,1993,1,1,2,239
1920,1993,1,1,16,239
1922,1993,1,1,9,239
1923,1993,1,1,29,239
1924,1993,1,1,9,239
1925,1993,2,2,20,239
1927,1993,7,7,44,239
1929,1993,4,4,33,239
1930,1993,15,15,86,239
1931,1993,2,2,13,239
1932,1993,3,3,27,239
1934,1993,9,9,13,239
1935,1993,3,3,15,239
1936,1993,3,3,12,239
1938,1993,23,23,44,239
1939,1993,1,1,18,239
1940,1993,1,1,10,239
1942,1993,1,1,7,239
1946,1993,3,3,9,239
1947,1993,6,6,18,239
1948,1993,2,2,17,239
1949,1993,2,2,15,239
1950,1993,6,6,76,239
1951,1993,3,3,15,239
1952,1993,8,8,34,239
1953,1993,6,6,52,239
1954,1993,3,3,47,239
1955,1993,1,1,40,239
1956,1993,5,5,47,239
1957,1993,2,2,39,239
1958,1993,6,6,50,239
1960,1993,2,2,133,239
1963,1993,6,6,91,239
1964,1993,11,11,116,239
1965,1993,14,14,103,239
1967,1993,6,6,157,239
1968,1993,2,2,198,239
1969,1993,8,8,120,239
1970,1993,9,9,247,239
1971,1993,3,3,90,239
1973,1993,2,2,123,239
1974,1993,1,1,98,239
1976,1993,1,1,76,239
1977,1993,3,3,102,239
1978,1993,5,5,75,239
1979,1993,8,8,105,239
1980,1993,1,1,140,239
1981,1993,1,1,92,239
1982,1993,1,1,128,239
1983,1993,2,2,123,239
1927,1994,1,1,44,127
1928,1994,5,5,65,127
1929,1994,1,1,33,127
1930,1994,3,3,86,127
1933,1994,2,2,18,127
1935,1994,4,4,15,127
1948,1994,2,2,17,127
1950,1994,2,2,76,127
1956,1994,3,3,47,127
1957,1994,1,1,39,127
1958,1994,4,4,50,127
1959,1994,1,1,55,127
1960,1994,1,1,133,127
1961,1994,1,1,43,127
1963,1994,3,3,91,127
1964,1994,2,2,116,127
1965,1994,2,2,103,127
1966,1994,2,2,64,127
1967,1994,2,2,157,127
1968,1994,2,2,198,127
1969,1994,3,3,120,127
1970,1994,4,4,247,127
1972,1994,2,2,168,127
1973,1994,3,3,123,127
1975,1994,3,3,120,127
1976,1994,1,1,76,127
1978,1994,8,8,75,127
1979,1994,5,5,105,127
1981,1994,1,1,92,127
1982,1994,2,2,128,127
1983,1994,6,6,123,127
1986,1994,2,2,114,127
1987,1994,1,1,104,127
1988,1994,25,25,124,127
1989,1994,1,1,142,127
1990,1994,2,2,185,127
1992,1994,1,1,87,127
1993,1994,11,11,116,127
1994,1994,2,2,108,127
1923,1995,2,2,29,49
1925,1995,1,1,20,49
1929,1995,1,1,33,49
1938,1995,1,1,44,49
1939,1995,2,2,18,49
1948,1995,2,2,17,49
1950,1995,2,2,76,49
1951,1995,1,1,15,49
1953,1995,1,1,52,49
1954,1995,1,1,47,49
1960,1995,2,2,133,49
1965,1995,2,2,103,49
1966,1995,1,1,64,49
1967,1995,3,3,157,49
1970,1995,4,4,247,49
1972,1995,14,14,168,49
1974,1995,1,1,98,49
1979,1995,3,3,105,49
1980,1995,1,1,140,49
1983,1995,2,2,123,49
1985,1995,1,1,55,49
1991,1995,1,1,114,49
1926,1996,1,1,13,26
1938,1996,1,1,44,26
1951,1996,1,1,15,26
1954,1996,1,1,47,26
1955,1996,2,2,40,26
1957,1996,3,3,39,26
1960,1996,1,1,133,26
1966,1996,1,1,64,26
1967,1996,1,1,157,26
1969,1996,1,1,120,26
1970,1996,2,2,247,26
1975,1996,1,1,120,26
1980,1996,1,1,140,26
1983,1996,1,1,123,26
1985,1996,1,1,55,26
1987,1996,2,2,104,26
1992,1996,3,3,87,26
1993,1996,1,1,116,26
1996,1996,1,1,110,26
1927,1997,1,1,44,158
1945,1997,1,1,7,158
1950,1997,1,1,76,158
1952,1997,1,1,34,158
1955,1997,1,1,40,158
1956,1997,2,2,47,158
1957,1997,3,3,39,158
1960,1997,2,2,133,158
1962,1997,1,1,51,158
1963,1997,1,1,91,158
1966,1997,6,6,64,158
1967,1997,2,2,157,158
1968,1997,4,4,198,158
1970,1997,4,4,247,158
1972,1997,4,4,168,158
1974,1997,22,22,98,158
1975,1997,1,1,120,158
1976,1997,1,1,76,158
1979,1997,1,1,105,158
1980,1997,2,2,140,158
1981,1997,3,3,92,158
1985,1997,3,3,55,158
1986,1997,3,3,114,158
1987,1997,2,2,104,158
1988,1997,4,4,124,158
1989,1997,3,3,142,158
1990,1997,3,3,185,158
1991,1997,2,2,114,158
1992,1997,7,7,87,158
1993,1997,4,4,116,158
1994,1997,6,6,108,158
1995,1997,11,11,156,158
1996,1997,16,16,110,158
1997,1997,30,30,125,158
1927,1998,5,5,44,10
1950,1998,1,1,76,10
1952,1998,1,1,34,10
1953,1998,1,1,52,10
1995,1998,1,1,156,10
1996,1998,1,1,110,10
1908,1999,1,1,2,204
1909,1999,1,1,5,204
1923,1999,1,1,29,204
1924,1999,3,3,9,204
1925,1999,2,2,20,204
1928,1999,1,1,65,204
1930,1999,1,1,86,204
1932,1999,2,2,27,204
1933,1999,1,1,18,204
1935,1999,1,1,15,204
1936,1999,1,1,12,204
1938,1999,1,1,44,204
1940,1999,1,1,10,204
1951,1999,1,1,15,204
1954,1999,2,2,47,204
1957,1999,4,4,39,204
1958,1999,3,3,50,204
1959,1999,3,3,55,204
1961,1999,14,14,43,204
1962,1999,2,2,51,204
1963,1999,5,5,91,204
1964,1999,19,19,116,204
1965,1999,1,1,103,204
1966,1999,4,4,64,204
1967,1999,6,6,157,204
1968,1999,9,9,198,204
1969,1999,8,8,120,204
1970,1999,6,6,247,204
1971,1999,2,2,90,204
1972,1999,11,11,168,204
1973,1999,11,11,123,204
1974,1999,2,2,98,204
1976,1999,1,1,76,204
1978,1999,1,1,75,204
1979,1999,4,4,105,204
1980,1999,4,4,140,204
1981,1999,9,9,92,204
1982,1999,6,6,128,204
1983,1999,2,2,123,204
1984,1999,2,2,83,204
1985,1999,3,3,55,204
1986,1999,4,4,114,204
1987,1999,1,1,104,204
1988,1999,1,1,124,204
1991,1999,7,7,114,204
1992,1999,1,1,87,204
1993,1999,9,9,116,204
1995,1999,6,6,156,204
1996,1999,4,4,110,204
1997,1999,2,2,125,204
1998,1999,7,7,62,204
1910,2000,2,2,6,143
1912,2000,1,1,9,143
1914,2000,2,2,5,143
1920,2000,1,1,16,143
1927,2000,2,2,44,143
1928,2000,2,2,65,143
1929,2000,1,1,33,143
1930,2000,2,2,86,143
1931,2000,1,1,13,143
1935,2000,2,2,15,143
1946,2000,2,2,9,143
1949,2000,1,1,15,143
1950,2000,3,3,76,143
1953,2000,2,2,52,143
1954,2000,5,5,47,143
1957,2000,3,3,39,143
1958,2000,1,1,50,143
1959,2000,3,3,55,143
1960,2000,4,4,133,143
1962,2000,2,2,51,143
1963,2000,1,1,91,143
1964,2000,1,1,116,143
1965,2000,4,4,103,143
1966,2000,2,2,64,143
1967,2000,3,3,157,143
1969,2000,4,4,120,143
1970,2000,6,6,247,143
1971,2000,4,4,90,143
1972,2000,7,7,168,143
1973,2000,4,4,123,143
1974,2000,5,5,98,143
1976,2000,5,5,76,143
1977,2000,1,1,102,143
1979,2000,1,1,105,143
1981,2000,1,1,92,143
1982,2000,1,1,128,143
1983,2000,1,1,123,143
1988,2000,1,1,124,143
1989,2000,1,1,142,143
1990,2000,2,2,185,143
1991,2000,4,4,114,143
1992,2000,1,1,87,143
1993,2000,1,1,116,143
1994,2000,3,3,108,143
1995,2000,7,7,156,143
1996,2000,2,2,110,143
1997,2000,11,11,125,143
1998,2000,5,5,62,143
1999,2000,12,12,63,143
1931,2001,1,1,13,84
1937,2001,1,1,38,84
1942,2001,1,1,7,84
1947,2001,1,1,18,84
1949,2001,1,1,15,84
1950,2001,1,1,76,84
1951,2001,1,1,15,84
1952,2001,1,1,34,84
1955,2001,6,6,40,84
1957,2001,2,2,39,84
1958,2001,4,4,50,84
1960,2001,4,4,133,84
1964,2001,1,1,116,84
1966,2001,3,3,64,84
1967,2001,1,1,157,84
1968,2001,16,16,198,84
1969,2001,8,8,120,84
1970,2001,1,1,247,84
1971,2001,6,6,90,84
1986,2001,1,1,114,84
1991,2001,1,1,114,84
1993,2001,2,2,116,84
1995,2001,1,1,156,84
1996,2001,1,1,110,84
1997,2001,5,5,125,84
1998,2001,2,2,62,84
1999,2001,3,3,63,84
2000,2001,7,7,76,84
2001,2001,1,1,78,84
1928,2002,3,3,65,29
1932,2002,1,1,27,29
1937,2002,1,1,38,29
1938,2002,2,2,44,29
1956,2002,1,1,47,29
1968,2002,1,1,198,29
1970,2002,1,1,247,29
1971,2002,3,3,90,29
1972,2002,3,3,168,29
1976,2002,3,3,76,29
1978,2002,6,6,75,29
1999,2002,1,1,63,29
2000,2002,2,2,76,29
2001,2002,1,1,78,29
1900,2003,1,1,5,417
1923,2003,2,2,29,417
1925,2003,1,1,20,417
1929,2003,2,2,33,417
1930,2003,2,2,86,417
1931,2003,1,1,13,417
1934,2003,1,1,13,417
1937,2003,3,3,38,417
1955,2003,1,1,40,417
1958,2003,4,4,50,417
1959,2003,17,17,55,417
1960,2003,11,11,133,417
1962,2003,7,7,51,417
1963,2003,38,38,91,417
1964,2003,40,40,116,417
1965,2003,26,26,103,417
1967,2003,7,7,157,417
1968,2003,65,65,198,417
1969,2003,20,20,120,417
1970,2003,10,10,247,417
1972,2003,4,4,168,417
1973,2003,15,15,123,417
1975,2003,1,1,120,417
1980,2003,1,1,140,417
1986,2003,1,1,114,417
1987,2003,5,5,104,417
1989,2003,1,1,142,417
1990,2003,4,4,185,417
1991,2003,4,4,114,417
1992,2003,6,6,87,417
1994,2003,2,2,108,417
1995,2003,2,2,156,417
1996,2003,6,6,110,417
1997,2003,5,5,125,417
1998,2003,8,8,62,417
1999,2003,8,8,63,417
2000,2003,15,15,76,417
2001,2003,8,8,78,417
2002,2003,61,61,117,417
2003,2003,1,1,55,417
1927,2004,2,2,44,159
1928,2004,2,2,65,159
1930,2004,5,5,86,159
1931,2004,1,1,13,159
1937,2004,1,1,38,159
1941,2004,1,1,5,159
1949,2004,2,2,15,159
1950,2004,12,12,76,159
1953,2004,4,4,52,159
1954,2004,1,1,47,159
1955,2004,2,2,40,159
1956,2004,1,1,47,159
1958,2004,2,2,50,159
1959,2004,4,4,55,159
1966,2004,1,1,64,159
1970,2004,10,10,247,159
1971,2004,12,12,90,159
1972,2004,7,7,168,159
1973,2004,3,3,123,159
1974,2004,10,10,98,159
1976,2004,2,2,76,159
1977,2004,10,10,102,159
1978,2004,1,1,75,159
1979,2004,1,1,105,159
1981,2004,5,5,92,159
1983,2004,5,5,123,159
1986,2004,6,6,114,159
1990,2004,2,2,185,159
1991,2004,2,2,114,159
1993,2004,3,3,116,159
1994,2004,12,12,108,159
1995,2004,1,1,156,159
1996,2004,14,14,110,159
1997,2004,3,3,125,159
1998,2004,1,1,62,159
1999,2004,2,2,63,159
2000,2004,3,3,76,159
2003,2004,2,2,55,159
2004,2004,1,1,82,159
1925,2005,1,1,20,230
1927,2005,6,6,44,230
1928,2005,8,8,65,230
1930,2005,2,2,86,230
1932,2005,2,2,27,230
1933,2005,2,2,18,230
1935,2005,3,3,15,230
1936,2005,1,1,12,230
1938,2005,2,2,44,230
1941,2005,1,1,5,230
1948,2005,1,1,17,230
1952,2005,7,7,34,230
1953,2005,4,4,52,230
1954,2005,1,1,47,230
1955,2005,1,1,40,230
1957,2005,1,1,39,230
1960,2005,1,1,133,230
1961,2005,1,1,43,230
1963,2005,2,2,91,230
1967,2005,1,1,157,230
1968,2005,5,5,198,230
1969,2005,1,1,120,230
1974,2005,2,2,98,230
1975,2005,1,1,120,230
1976,2005,2,2,76,230
1977,2005,8,8,102,230
1978,2005,7,7,75,230
1979,2005,3,3,105,230
1980,2005,1,1,140,230
1981,2005,14,14,92,230
1982,2005,4,4,128,230
1983,2005,3,3,123,230
1984,2005,2,2,83,230
1985,2005,1,1,55,230
1986,2005,14,14,114,230
1987,2005,14,14,104,230
1988,2005,8,8,124,230
1989,2005,7,7,142,230
1990,2005,6,6,185,230
1991,2005,9,9,114,230
1992,2005,12,12,87,230
1993,2005,8,8,116,230
1994,2005,9,9,108,230
1995,2005,1,1,156,230
1996,2005,3,3,110,230
1997,2005,6,6,125,230
1998,2005,6,6,62,230
1999,2005,4,4,63,230
2000,2005,1,1,76,230
2001,2005,1,1,78,230
2002,2005,7,7,117,230
2003,2005,4,4,55,230
2004,2005,8,8,82,230
1910,2006,1,1,6,107
1920,2006,1,1,16,107
1922,2006,4,4,9,107
1923,2006,4,4,29,107
1924,2006,4,4,9,107
1925,2006,5,5,20,107
1927,2006,10,10,44,107
1928,2006,11,11,65,107
1930,2006,5,5,86,107
1936,2006,1,1,12,107
1950,2006,2,2,76,107
1953,2006,1,1,52,107
1954,2006,5,5,47,107
1964,2006,1,1,116,107
1969,2006,1,1,120,107
1970,2006,2,2,247,107
1972,2006,1,1,168,107
1975,2006,3,3,120,107
1976,2006,2,2,76,107
1978,2006,2,2,75,107
1979,2006,1,1,105,107
1984,2006,1,1,83,107
1989,2006,1,1,142,107
1993,2006,3,3,116,107
1994,2006,2,2,108,107
1997,2006,9,9,125,107
2000,2006,2,2,76,107
2001,2006,1,1,78,107
2003,2006,5,5,55,107
2004,2006,2,2,82,107
2005,2006,12,12,136,107
2006,2006,2,2,81,107
1929,2007,1,1,33,258
1931,2007,1,1,13,258
1937,2007,12,12,38,258
1944,2007,1,1,1,258
1950,2007,1,1,76,258
1951,2007,1,1,15,258
1953,2007,2,2,52,258
1955,2007,1,1,40,258
1956,2007,1,1,47,258
1958,2007,1,1,50,258
1960,2007,1,1,133,258
1962,2007,1,1,51,258
1966,2007,6,6,64,258
1967,2007,11,11,157,258
1968,2007,31,31,198,258
1969,2007,1,1,120,258
1970,2007,14,14,247,258
1971,2007,3,3,90,258
1973,2007,1,1,123,258
1975,2007,2,2,120,258
1976,2007,1,1,76,258
1981,2007,1,1,92,258
1982,2007,3,3,128,258
1987,2007,3,3,104,258
1990,2007,1,1,185,258
1992,2007,1,1,87,258
1993,2007,5,5,116,258
1995,2007,4,4,156,258
1996,2007,17,17,110,258
1997,2007,4,4,125,258
1998,2007,2,2,62,258
1999,2007,3,3,63,258
2000,2007,15,15,76,258
2001,2007,1,1,78,258
2002,2007,8,8,117,258
2003,2007,7,7,55,258
2004,2007,11,11,82,258
2005,2007,52,52,136,258
2006,2007,19,19,81,258
2007,2007,7,7,116,258
1923,2008,2,2,29,234
1927,2008,6,6,44,234
1928,2008,3,3,65,234
1929,2008,6,6,33,234
1930,2008,9,9,86,234
1931,2008,3,3,13,234
1933,2008,1,1,18,234
1943,2008,1,1,3,234
1945,2008,4,4,7,234
1950,2008,4,4,76,234
1951,2008,1,1,15,234
1952,2008,3,3,34,234
1953,2008,16,16,52,234
1954,2008,17,17,47,234
1956,2008,5,5,47,234
1958,2008,2,2,50,234
1959,2008,3,3,55,234
1960,2008,4,4,133,234
1964,2008,2,2,116,234
1966,2008,1,1,64,234
1967,2008,1,1,157,234
1968,2008,3,3,198,234
1969,2008,10,10,120,234
1970,2008,6,6,247,234
1971,2008,4,4,90,234
1972,2008,3,3,168,234
1973,2008,5,5,123,234
1974,2008,7,7,98,234
1975,2008,6,6,120,234
1976,2008,4,4,76,234
1977,2008,6,6,102,234
1978,2008,10,10,75,234
1979,2008,10,10,105,234
1980,2008,5,5,140,234
1981,2008,6,6,92,234
1982,2008,8,8,128,234
1983,2008,3,3,123,234
1984,2008,4,4,83,234
1985,2008,2,2,55,234
1986,2008,2,2,114,234
1987,2008,3,3,104,234
1988,2008,4,4,124,234
1989,2008,7,7,142,234
1990,2008,3,3,185,234
1991,2008,2,2,114,234
1992,2008,1,1,87,234
2005,2008,4,4,136,234
2006,2008,2,2,81,234
2007,2008,9,9,116,234
2008,2008,1,1,141,234
1930,2009,8,8,86,142
1932,2009,4,4,27,142
1935,2009,1,1,15,142
1936,2009,1,1,12,142
1940,2009,3,3,10,142
1943,2009,1,1,3,142
1946,2009,3,3,9,142
1948,2009,2,2,17,142
1950,2009,2,2,76,142
1954,2009,2,2,47,142
1958,2009,1,1,50,142
1959,2009,1,1,55,142
1960,2009,3,3,133,142
1962,2009,2,2,51,142
1963,2009,1,1,91,142
1964,2009,6,6,116,142
1965,2009,5,5,103,142
1966,2009,10,10,64,142
1967,2009,6,6,157,142
1968,2009,4,4,198,142
1969,2009,4,4,120,142
1970,2009,5,5,247,142
1971,2009,4,4,90,142
1972,2009,2,2,168,142
1973,2009,1,1,123,142
1974,2009,1,1,98,142
1975,2009,5,5,120,142
1976,2009,1,1,76,142
1978,2009,1,1,75,142
1979,2009,8,8,105,142
1980,2009,2,2,140,142
1982,2009,1,1,128,142
1986,2009,2,2,114,142
1987,2009,1,1,104,142
1989,2009,1,1,142,142
1993,2009,1,1,116,142
1994,2009,3,3,108,142
1998,2009,1,1,62,142
1999,2009,1,1,63,142
2000,2009,3,3,76,142
2002,2009,2,2,117,142
2004,2009,3,3,82,142
2005,2009,3,3,136,142
2006,2009,5,5,81,142
2007,2009,12,12,116,142
2008,2009,3,3,141,142
1899,2010,5,5,28,717
1900,2010,1,1,5,717
1930,2010,2,2,86,717
1945,2010,1,1,7,717
1949,2010,2,2,15,717
1950,2010,5,5,76,717
1951,2010,1,1,15,717
1954,2010,1,1,47,717
1956,2010,9,9,47,717
1958,2010,1,1,50,717
1959,2010,6,6,55,717
1960,2010,62,62,133,717
1962,2010,1,1,51,717
1964,2010,4,4,116,717
1965,2010,22,22,103,717
1966,2010,2,2,64,717
1967,2010,40,40,157,717
1968,2010,13,13,198,717
1969,2010,12,12,120,717
1970,2010,50,50,247,717
1971,2010,8,8,90,717
1972,2010,30,30,168,717
1973,2010,24,24,123,717
1974,2010,10,10,98,717
1975,2010,27,27,120,717
1976,2010,15,15,76,717
1977,2010,25,25,102,717
1978,2010,3,3,75,717
1979,2010,12,12,105,717
1980,2010,62,62,140,717
1981,2010,9,9,92,717
1982,2010,22,22,128,717
1983,2010,33,33,123,717
1984,2010,5,5,83,717
1985,2010,6,6,55,717
1986,2010,11,11,114,717
1987,2010,7,7,104,717
1988,2010,8,8,124,717
1989,2010,5,5,142,717
1990,2010,28,28,185,717
1991,2010,3,3,114,717
1992,2010,7,7,87,717
1993,2010,3,3,116,717
1994,2010,5,5,108,717
1995,2010,2,2,156,717
1996,2010,7,7,110,717
1997,2010,5,5,125,717
1998,2010,2,2,62,717
1999,2010,2,2,63,717
2000,2010,9,9,76,717
2001,2010,12,12,78,717
2002,2010,6,6,117,717
2003,2010,8,8,55,717
2004,2010,6,6,82,717
2005,2010,1,1,136,717
2006,2010,11,11,81,717
2007,2010,12,12,116,717
2008,2010,12,12,141,717
2009,2010,7,7,126,717
2010,2010,7,7,110,717
1925,2011,1,1,20,78
1928,2011,1,1,65,78
1929,2011,1,1,33,78
1930,2011,1,1,86,78
1940,2011,1,1,10,78
1952,2011,1,1,34,78
1953,2011,1,1,52,78
1955,2011,1,1,40,78
1957,2011,5,5,39,78
1962,2011,2,2,51,78
1969,2011,2,2,120,78
1971,2011,2,2,90,78
1972,2011,1,1,168,78
1974,2011,1,1,98,78
1977,2011,26,26,102,78
1980,2011,1,1,140,78
1981,2011,1,1,92,78
1987,2011,1,1,104,78
1992,2011,1,1,87,78
1993,2011,1,1,116,78
1995,2011,2,2,156,78
1998,2011,1,1,62,78
2000,2011,1,1,76,78
2002,2011,1,1,117,78
2003,2011,1,1,55,78
2004,2011,2,2,82,78
2006,2011,6,6,81,78
2008,2011,5,5,141,78
2009,2011,5,5,126,78
2010,2011,2,2,110,78
1948,2012,1,1,17,109
1950,2012,1,1,76,109
1955,2012,1,1,40,109
1956,2012,2,2,47,109
1957,2012,1,1,39,109
1958,2012,1,1,50,109
1960,2012,1,1,133,109
1963,2012,3,3,91,109
1964,2012,1,1,116,109
1965,2012,1,1,103,109
1967,2012,2,2,157,109
1968,2012,1,1,198,109
1969,2012,3,3,120,109
1970,2012,11,11,247,109
1971,2012,3,3,90,109
1972,2012,5,5,168,109
1976,2012,1,1,76,109
1979,2012,1,1,105,109
1980,2012,2,2,140,109
1981,2012,1,1,92,109
1983,2012,2,2,123,109
1988,2012,2,2,124,109
1990,2012,1,1,185,109
1991,2012,1,1,114,109
1992,2012,4,4,87,109
1997,2012,25,25,125,109
1998,2012,7,7,62,109
2000,2012,1,1,76,109
2001,2012,7,7,78,109
2002,2012,4,4,117,109
2008,2012,1,1,141,109
2009,2012,1,1,126,109
2010,2012,5,5,110,109
2011,2012,2,2,114,109
2012,2012,3,3,124,109
1957,2013,2,2,39,68
1964,2013,10,10,116,68
1969,2013,3,3,120,68
1971,2013,1,1,90,68
1972,2013,4,4,168,68
1982,2013,8,8,128,68
1984,2013,4,4,83,68
1988,2013,1,1,124,68
1990,2013,4,4,185,68
1993,2013,4,4,116,68
1994,2013,1,1,108,68
1995,2013,4,4,156,68
1996,2013,13,13,110,68
1998,2013,4,4,62,68
2010,2013,2,2,110,68
2011,2013,1,1,114,68
2012,2013,2,2,124,68
1928,2014,22,22,65,69
1930,2014,7,7,86,69
1932,2014,1,1,27,69
1937,2014,1,1,38,69
1938,2014,1,1,44,69
1947,2014,1,1,18,69
1948,2014,2,2,17,69
1950,2014,2,2,76,69
1951,2014,1,1,15,69
1952,2014,1,1,34,69
1953,2014,2,2,52,69
1954,2014,1,1,47,69
1956,2014,2,2,47,69
1957,2014,1,1,39,69
1958,2014,1,1,50,69
1960,2014,1,1,133,69
1963,2014,1,1,91,69
1967,2014,2,2,157,69
1969,2014,4,4,120,69
1970,2014,2,2,247,69
1973,2014,1,1,123,69
2007,2014,1,1,116,69
2009,2014,1,1,126,69
2010,2014,3,3,110,69
2011,2014,3,3,114,69
2012,2014,4,4,124,69
1925,2015,1,1,20,137
1929,2015,3,3,33,137
1936,2015,2,2,12,137
1947,2015,1,1,18,137
1952,2015,1,1,34,137
1953,2015,1,1,52,137
1954,2015,1,1,47,137
1955,2015,5,5,40,137
1956,2015,5,5,47,137
1958,2015,3,3,50,137
1959,2015,1,1,55,137
1960,2015,6,6,133,137
1961,2015,3,3,43,137
1962,2015,1,1,51,137
1963,2015,3,3,91,137
1964,2015,2,2,116,137
1967,2015,6,6,157,137
1968,2015,4,4,198,137
1969,2015,1,1,120,137
1970,2015,2,2,247,137
1971,2015,2,2,90,137
1972,2015,4,4,168,137
1973,2015,9,9,123,137
1974,2015,3,3,98,137
1975,2015,9,9,120,137
1976,2015,1,1,76,137
1978,2015,1,1,75,137
1980,2015,4,4,140,137
1982,2015,10,10,128,137
1983,2015,1,1,123,137
1986,2015,1,1,114,137
1989,2015,4,4,142,137
1991,2015,2,2,114,137
1992,2015,1,1,87,137
1995,2015,6,6,156,137
2008,2015,4,4,141,137
2012,2015,9,9,124,137
2014,2015,13,13,331,137
2015,2015,1,1,139,137
1920,2016,1,1,16,114
1925,2016,1,1,20,114
1928,2016,2,2,65,114
1931,2016,1,1,13,114
1932,2016,1,1,27,114
1935,2016,1,1,15,114
1936,2016,1,1,12,114
1941,2016,2,2,5,114
1953,2016,1,1,52,114
1958,2016,1,1,50,114
1966,2016,4,4,64,114
1967,2016,11,11,157,114
1968,2016,3,3,198,114
1969,2016,7,7,120,114
1970,2016,2,2,247,114
1972,2016,5,5,168,114
1973,2016,2,2,123,114
1975,2016,4,4,120,114
1976,2016,1,1,76,114
1978,2016,1,1,75,114
1979,2016,4,4,105,114
1980,2016,2,2,140,114
1981,2016,3,3,92,114
1984,2016,2,2,83,114
1985,2016,2,2,55,114
1986,2016,1,1,114,114
1989,2016,1,1,142,114
1996,2016,2,2,110,114
1997,2016,2,2,125,114
1998,2016,2,2,62,114
1999,2016,1,1,63,114
2000,2016,1,1,76,114
2001,2016,4,4,78,114
2002,2016,1,1,117,114
2003,2016,3,3,55,114
2004,2016,2,2,82,114
2005,2016,2,2,136,114
2006,2016,2,2,81,114
2007,2016,4,4,116,114
2008,2016,4,4,141,114
2009,2016,2,2,126,114
2010,2016,1,1,110,114
2011,2016,1,1,114,114
2013,2016,3,3,181,114
2014,2016,1,1,331,114
2015,2016,2,2,139,114
2016,2016,7,7,56,114
1923,2017,3,3,29,2100
1928,2017,1,1,65,2100
1933,2017,2,2,18,2100
1936,2017,1,1,12,2100
1937,2017,1,1,38,2100
1950,2017,6,6,76,2100
1951,2017,1,1,15,2100
1952,2017,2,2,34,2100
1953,2017,1,1,52,2100
1954,2017,2,2,47,2100
1955,2017,2,2,40,2100
1956,2017,2,2,47,2100
1957,2017,1,1,39,2100
1958,2017,1,1,50,2100
1963,2017,1,1,91,2100
1967,2017,3,3,157,2100
1968,2017,2,2,198,2100
1970,2017,5,5,247,2100
1972,2017,4,4,168,2100
1973,2017,5,5,123,2100
1975,2017,27,27,120,2100
1976,2017,9,9,76,2100
1977,2017,3,3,102,2100
1978,2017,3,3,75,2100
1979,2017,13,13,105,2100
1980,2017,13,13,140,2100
1981,2017,16,16,92,2100
1982,2017,31,31,128,2100
1983,2017,44,44,123,2100
1984,2017,50,50,83,2100
1985,2017,10,10,55,2100
1986,2017,7,7,114,2100
1987,2017,4,4,104,2100
1988,2017,15,15,124,2100
1989,2017,68,68,142,2100
1990,2017,30,30,185,2100
1991,2017,18,18,114,2100
1992,2017,22,22,87,2100
1993,2017,59,59,116,2100
1994,2017,25,25,108,2100
1995,2017,90,90,156,2100
1996,2017,23,23,110,2100
1997,2017,17,17,125,2100
1998,2017,13,13,62,2100
1999,2017,25,25,63,2100
2000,2017,15,15,76,2100
2001,2017,37,37,78,2100
2002,2017,27,27,117,2100
2003,2017,24,24,55,2100
2004,2017,47,47,82,2100
2005,2017,61,61,136,2100
2006,2017,34,34,81,2100
2007,2017,61,61,116,2100
2008,2017,109,109,141,2100
2009,2017,102,102,126,2100
2010,2017,77,77,110,2100
2011,2017,100,100,114,2100
2012,2017,95,95,124,2100
2013,2017,166,166,181,2100
2014,2017,311,311,331,2100
2015,2017,128,128,139,2100
2016,2017,16,16,56,2100
2017,2017,9,9,17,2100
1920,2018,2,2,16,107
1922,2018,1,1,9,107
1923,2018,2,2,29,107
1926,2018,1,1,13,107
1927,2018,3,3,44,107
1929,2018,1,1,33,107
1930,2018,4,4,86,107
1932,2018,3,3,27,107
1933,2018,4,4,18,107
1937,2018,2,2,38,107
1938,2018,2,2,44,107
1945,2018,1,1,7,107
1946,2018,1,1,9,107
1947,2018,1,1,18,107
1950,2018,4,4,76,107
1951,2018,1,1,15,107
1952,2018,3,3,34,107
1953,2018,1,1,52,107
1957,2018,2,2,39,107
1958,2018,2,2,50,107
1962,2018,3,3,51,107
1963,2018,1,1,91,107
1965,2018,3,3,103,107
1966,2018,1,1,64,107
1967,2018,3,3,157,107
1968,2018,1,1,198,107
1970,2018,1,1,247,107
1974,2018,1,1,98,107
1981,2018,1,1,92,107
1982,2018,3,3,128,107
2000,2018,1,1,76,107
2001,2018,4,4,78,107
2008,2018,1,1,141,107
2009,2018,4,4,126,107
2010,2018,6,6,110,107
2011,2018,5,5,114,107
2012,2018,8,8,124,107
2013,2018,8,8,181,107
2014,2018,2,2,331,107
2015,2018,3,3,139,107
2016,2018,2,2,56,107
2017,2018,2,2,17,107
2018,2018,1,1,52,107
2019,2018,1,1,4,107
1932,2019,1,1,27,129
1938,2019,1,1,44,129
1940,2019,1,1,10,129
1941,2019,1,1,5,129
1942,2019,2,2,7,129
1949,2019,1,1,15,129
1950,2019,2,2,76,129
1952,2019,1,1,34,129
1953,2019,1,1,52,129
1955,2019,2,2,40,129
1956,2019,1,1,47,129
1959,2019,1,1,55,129
1963,2019,1,1,91,129
1965,2019,1,1,103,129
1967,2019,2,2,157,129
1969,2019,5,5,120,129
1971,2019,2,2,90,129
1972,2019,2,2,168,129
1975,2019,2,2,120,129
1976,2019,15,15,76,129
1978,2019,1,1,75,129
1979,2019,1,1,105,129
1980,2019,14,14,140,129
1981,2019,4,4,92,129
1983,2019,10,10,123,129
1984,2019,2,2,83,129
1986,2019,2,2,114,129
1987,2019,2,2,104,129
1988,2019,3,3,124,129
1989,2019,1,1,142,129
1990,2019,1,1,185,129
1992,2019,5,5,87,129
1999,2019,1,1,63,129
2009,2019,4,4,126,129
2010,2019,1,1,110,129
2013,2019,2,2,181,129
2014,2019,2,2,331,129
2015,2019,4,4,139,129
2016,2019,7,7,56,129
2017,2019,2,2,17,129
2018,2019,15,15,52,129
1928,2020,1,1,65,37
1929,2020,1,1,33,37
1932,2020,1,1,27,37
1936,2020,1,1,12,37
1939,2020,1,1,18,37
1947,2020,7,7,18,37
1965,2020,1,1,103,37
1972,2020,5,5,168,37
1973,2020,5,5,123,37
1990,2020,1,1,185,37
2007,2020,1,1,116,37
2010,2020,1,1,110,37
2011,2020,1,1,114,37
2017,2020,1,1,17,37
2018,2020,8,8,52,37
2020,2020,1,1,8,37
1920,2021,1,1,16,113
1923,2021,5,5,29,113
1928,2021,1,1,65,113
1930,2021,1,1,86,113
1949,2021,1,1,15,113
1954,2021,3,3,47,113
1956,2021,2,2,47,113
1963,2021,1,1,91,113
1964,2021,2,2,116,113
1965,2021,1,1,103,113
1967,2021,2,2,157,113
1970,2021,2,2,247,113
1977,2021,1,1,102,113
1979,2021,3,3,105,113
1980,2021,1,1,140,113
1985,2021,3,3,55,113
1989,2021,1,1,142,113
1990,2021,1,1,185,113
1991,2021,1,1,114,113
1994,2021,2,2,108,113
1995,2021,2,2,156,113
1997,2021,1,1,125,113
2001,2021,1,1,78,113
2007,2021,1,1,116,113
2010,2021,2,2,110,113
2012,2021,3,3,124,113
2013,2021,2,2,181,113
2014,2021,2,2,331,113
2015,2021,1,1,139,113
2016,2021,24,24,56,113
2017,2021,2,2,17,113
2018,2021,26,26,52,113
2019,2021,1,1,4,113
2020,2021,7,7,8,113
2021,2021,3,3,12,113
1919,2022,1,1,5,57
1923,2022,1,1,29,57
1938,2022,1,1,44,57
1942,2022,1,1,7,57
1949,2022,1,1,15,57
1955,2022,1,1,40,57
1956,2022,1,1,47,57
1962,2022,6,6,51,57
1964,2022,1,1,116,57
1966,2022,2,2,64,57
1967,2022,4,4,157,57
1968,2022,2,2,198,57
1969,2022,2,2,120,57
1970,2022,3,3,247,57
1975,2022,1,1,120,57
1977,2022,3,3,102,57
1979,2022,6,6,105,57
1985,2022,1,1,55,57
1993,2022,1,1,116,57
2008,2022,1,1,141,57
2010,2022,3,3,110,57
2011,2022,1,1,114,57
2017,2022,1,1,17,57
2018,2022,2,2,52,57
2019,2022,1,1,4,57
2021,2022,9,9,12,57